{"cameraMode":{"drawMode":0,"name":"Shaded","section":"Shading Mode"},"sceneLighting":true,"audioPlay":false,"sceneViewState":{"m_AlwaysRefresh":false,"showFog":true,"showSkybox":true,"showFlares":true,"showImageEffects":true,"showParticleSystems":true,"showVisualEffectGraphs":true,"m_FxEnabled":true},"in2DMode":false,"pivot":{"x":0.3437538146972656,"y":0.48621296882629397,"z":-8.426506042480469},"rotation":{"x":0.1375419646501541,"y":-0.3909445106983185,"z":0.059209298342466357,"w":0.9081542491912842},"size":2.1357343196868898,"orthographic":false}