{"cameraMode":{"drawMode":0,"name":"Shaded","section":"Shading Mode"},"sceneLighting":true,"audioPlay":false,"sceneViewState":{"m_AlwaysRefresh":false,"showFog":true,"showSkybox":true,"showFlares":true,"showImageEffects":true,"showParticleSystems":true,"showVisualEffectGraphs":true,"m_FxEnabled":true},"in2DMode":false,"pivot":{"x":-0.40731051564216616,"y":3.092743396759033,"z":-12.716451644897461},"rotation":{"x":0.14822885394096375,"y":-0.020771203562617303,"z":0.003114175982773304,"w":0.9887325763702393},"size":1.598847508430481,"orthographic":false}