{"cameraMode":{"drawMode":0,"name":"Shaded","section":"Shading Mode"},"sceneLighting":true,"audioPlay":false,"sceneViewState":{"m_AlwaysRefresh":false,"showFog":true,"showSkybox":true,"showFlares":true,"showImageEffects":true,"showParticleSystems":true,"showVisualEffectGraphs":true,"m_FxEnabled":true},"in2DMode":false,"pivot":{"x":2.434868335723877,"y":3.604623794555664,"z":-12.079814910888672},"rotation":{"x":0.21198798716068269,"y":-0.10240329056978226,"z":0.02234216220676899,"w":0.971638023853302},"size":3.8348026275634767,"orthographic":false}